ID_address,Events Participated
9gfFERL31JZPEgsZaveEws9kYUaR4BdAZdMURQFZ9e74ja5Jknx,1
9iCcmdYBGamhvFD1u6MjtxzcjeVdheziwMaNH62KeNfitgRzo9X,1
9eXQ2tBQHXikBBhcmNKwVMXZBAcRmZz3bDmxdRvEFDPCWT4euPf,1
9f3RKjdC8wKebmZofoXgpHDujHqaaMMLGt7vREgtHhr2R7hn85e,1
9iNBXXeJ7cvpQrAUK9U6wShJwGa7dnyK4vo8YAvorJXtrjobcwE,1
9goaFCbcmp5ynSzp4Fe1QGZhWk6Uu1kGmmy2KP9mHXKwDYkorkq,1
9famR47YJT9hAvi9sgQDm5vAzmNv5tLLZEbDuWaVsV6eRY3WpJM,1
9i3RvAbAiRkGsH9AzLG5szxK7rFAgmNNHDTqPzcAb4GZy5DLVyw,1
9ffPBR5cqYdUUVss2aGYktyAvuNdgbYinHRdDxF6KQaogtNeE5g,1
9fmaG8bMSakBqCp7whoiz2cC2reftb56KmueLiDikZ3rztukZ9i,1
9f1jcnU12vFCABAS3gmDZf5K3k5kz5pRspXoaCfsAbWrPM1dSoH,1
9hPhnvd1T7s7pLwmma2BSnPSuPHLH9CiX91KuALGDRiL5pM4hgW,1
9gwHe5ingoexPsYte2FrjzvpGvN9sy8ThaM9nJaiDZkiscT9AQQ,1
9eojxcW6MuTSNjp5ieSZjDj8NZqHPRXtz5iRBhYVWoqgezgGKSN,1
9fCy4hEukMaRFzcjbCZLYBaQiHMURon1dvbrD6M9E48HLrPzaPs,1
9fABkHzPQXNWwBR1MVr731YJuDXJnLfjQ9NrUCaa2fuDPUu6LpS,1
